name,address,rating,reviews,type,phone,website,maps_url
David J Elliott & Associates,UNKNOWN,5.0,4,UNKNOWN,UNKNOWN,UNKNOWN,https://www.google.com/maps/search/David+J+Elliott+&+Associates
AR2 Structural Engineering,Structural engineer,5.0,4,UNKNOWN,UNKNOWN,UNKNOWN,https://www.google.com/maps/search/AR2+Structural+Engineering
Peartree+Belli Architects,235 Monterey St Suite B,5.0,1,UNKNOWN,UNKNOWN,UNKNOWN,https://www.google.com/maps/search/Peartree+Belli+Architects
Catherine L Kauer Landscape Architect/Installations,"1300 Anton Place Columbus St, Half Moon Bay",5.0,2,UNKNOWN,UNKNOWN,UNKNOWN,https://www.google.com/maps/search/Catherine+L+Kauer+Landscape+Architect/Installations
E & L Building Design Studio,150 Cayuga St Suite 1,4.0,8,UNKNOWN,UNKNOWN,UNKNOWN,https://www.google.com/maps/search/E+&+L+Building+Design+Studio
Ability Drafting Services,UNKNOWN,5.0,1,UNKNOWN,UNKNOWN,UNKNOWN,https://www.google.com/maps/search/Ability+Drafting+Services
Kasavan Architects,60 W Market St # 300,5.0,5,UNKNOWN,UNKNOWN,UNKNOWN,https://www.google.com/maps/search/Kasavan+Architects
SMunoz & Associates Architects,230 Capitol St,UNKNOWN,UNKNOWN,UNKNOWN,UNKNOWN,UNKNOWN,https://www.google.com/maps/search/SMunoz+&+Associates+Architects
Rosado Pedro E,8755 Coker Rd,UNKNOWN,UNKNOWN,UNKNOWN,UNKNOWN,UNKNOWN,https://www.google.com/maps/search/Rosado+Pedro+E
